episode,avg_reward,avg_mean_sinr,avg_sum_cbl,avg_power
10,15.243416884854247,0.00029237814129817817,99.9999981880188,0.000999999993878117
20,16.66743991208199,8.928682365986313e-05,100.00000114440918,0.0009999999939867704
